--
-- PostgreSQL database dump
--

-- Dumped from database version 12.3
-- Dumped by pg_dump version 12.3

SET statement_timeout = 0;
SET lock_timeout = 0;
SET idle_in_transaction_session_timeout = 0;
SET client_encoding = 'UTF8';
SET standard_conforming_strings = on;
SELECT pg_catalog.set_config('search_path', '', false);
SET check_function_bodies = false;
SET xmloption = content;
SET client_min_messages = warning;
SET row_security = off;

SET default_tablespace = '';

SET default_table_access_method = heap;

--
-- Name: agronomy_services; Type: TABLE; Schema: public; Owner: postgres
--

CREATE TABLE public.agronomy_services (
    id bigint NOT NULL,
    title character varying(255) NOT NULL,
    created_at timestamp(0) without time zone,
    updated_at timestamp(0) without time zone
);


ALTER TABLE public.agronomy_services OWNER TO postgres;

--
-- Name: agronomy_services_id_seq; Type: SEQUENCE; Schema: public; Owner: postgres
--

CREATE SEQUENCE public.agronomy_services_id_seq
    START WITH 1
    INCREMENT BY 1
    NO MINVALUE
    NO MAXVALUE
    CACHE 1;


ALTER TABLE public.agronomy_services_id_seq OWNER TO postgres;

--
-- Name: agronomy_services_id_seq; Type: SEQUENCE OWNED BY; Schema: public; Owner: postgres
--

ALTER SEQUENCE public.agronomy_services_id_seq OWNED BY public.agronomy_services.id;


--
-- Name: answers; Type: TABLE; Schema: public; Owner: postgres
--

CREATE TABLE public.answers (
    id bigint NOT NULL,
    answer text NOT NULL,
    answer_kz text NOT NULL,
    answer_ru text NOT NULL,
    question_id bigint NOT NULL,
    count bigint NOT NULL,
    created_at timestamp(0) without time zone,
    updated_at timestamp(0) without time zone
);


ALTER TABLE public.answers OWNER TO postgres;

--
-- Name: answers_id_seq; Type: SEQUENCE; Schema: public; Owner: postgres
--

CREATE SEQUENCE public.answers_id_seq
    START WITH 1
    INCREMENT BY 1
    NO MINVALUE
    NO MAXVALUE
    CACHE 1;


ALTER TABLE public.answers_id_seq OWNER TO postgres;

--
-- Name: answers_id_seq; Type: SEQUENCE OWNED BY; Schema: public; Owner: postgres
--

ALTER SEQUENCE public.answers_id_seq OWNED BY public.answers.id;


--
-- Name: categories; Type: TABLE; Schema: public; Owner: postgres
--

CREATE TABLE public.categories (
    id bigint NOT NULL,
    title character varying(255) NOT NULL,
    created_at timestamp(0) without time zone,
    updated_at timestamp(0) without time zone
);


ALTER TABLE public.categories OWNER TO postgres;

--
-- Name: categories_id_seq; Type: SEQUENCE; Schema: public; Owner: postgres
--

CREATE SEQUENCE public.categories_id_seq
    START WITH 1
    INCREMENT BY 1
    NO MINVALUE
    NO MAXVALUE
    CACHE 1;


ALTER TABLE public.categories_id_seq OWNER TO postgres;

--
-- Name: categories_id_seq; Type: SEQUENCE OWNED BY; Schema: public; Owner: postgres
--

ALTER SEQUENCE public.categories_id_seq OWNED BY public.categories.id;


--
-- Name: data_rows; Type: TABLE; Schema: public; Owner: postgres
--

CREATE TABLE public.data_rows (
    id integer NOT NULL,
    data_type_id integer NOT NULL,
    field character varying(255) NOT NULL,
    type character varying(255) NOT NULL,
    display_name character varying(255) NOT NULL,
    required boolean DEFAULT false NOT NULL,
    browse boolean DEFAULT true NOT NULL,
    read boolean DEFAULT true NOT NULL,
    edit boolean DEFAULT true NOT NULL,
    add boolean DEFAULT true NOT NULL,
    delete boolean DEFAULT true NOT NULL,
    details text,
    "order" integer DEFAULT 1 NOT NULL
);


ALTER TABLE public.data_rows OWNER TO postgres;

--
-- Name: data_rows_id_seq; Type: SEQUENCE; Schema: public; Owner: postgres
--

CREATE SEQUENCE public.data_rows_id_seq
    AS integer
    START WITH 1
    INCREMENT BY 1
    NO MINVALUE
    NO MAXVALUE
    CACHE 1;


ALTER TABLE public.data_rows_id_seq OWNER TO postgres;

--
-- Name: data_rows_id_seq; Type: SEQUENCE OWNED BY; Schema: public; Owner: postgres
--

ALTER SEQUENCE public.data_rows_id_seq OWNED BY public.data_rows.id;


--
-- Name: data_types; Type: TABLE; Schema: public; Owner: postgres
--

CREATE TABLE public.data_types (
    id integer NOT NULL,
    name character varying(255) NOT NULL,
    slug character varying(255) NOT NULL,
    display_name_singular character varying(255) NOT NULL,
    display_name_plural character varying(255) NOT NULL,
    icon character varying(255),
    model_name character varying(255),
    description character varying(255),
    generate_permissions boolean DEFAULT false NOT NULL,
    created_at timestamp(0) without time zone,
    updated_at timestamp(0) without time zone,
    server_side smallint DEFAULT '0'::smallint NOT NULL,
    controller character varying(255),
    policy_name character varying(255),
    details text
);


ALTER TABLE public.data_types OWNER TO postgres;

--
-- Name: data_types_id_seq; Type: SEQUENCE; Schema: public; Owner: postgres
--

CREATE SEQUENCE public.data_types_id_seq
    AS integer
    START WITH 1
    INCREMENT BY 1
    NO MINVALUE
    NO MAXVALUE
    CACHE 1;


ALTER TABLE public.data_types_id_seq OWNER TO postgres;

--
-- Name: data_types_id_seq; Type: SEQUENCE OWNED BY; Schema: public; Owner: postgres
--

ALTER SEQUENCE public.data_types_id_seq OWNED BY public.data_types.id;


--
-- Name: failed_jobs; Type: TABLE; Schema: public; Owner: postgres
--

CREATE TABLE public.failed_jobs (
    id bigint NOT NULL,
    connection text NOT NULL,
    queue text NOT NULL,
    payload text NOT NULL,
    exception text NOT NULL,
    failed_at timestamp(0) without time zone DEFAULT CURRENT_TIMESTAMP NOT NULL
);


ALTER TABLE public.failed_jobs OWNER TO postgres;

--
-- Name: failed_jobs_id_seq; Type: SEQUENCE; Schema: public; Owner: postgres
--

CREATE SEQUENCE public.failed_jobs_id_seq
    START WITH 1
    INCREMENT BY 1
    NO MINVALUE
    NO MAXVALUE
    CACHE 1;


ALTER TABLE public.failed_jobs_id_seq OWNER TO postgres;

--
-- Name: failed_jobs_id_seq; Type: SEQUENCE OWNED BY; Schema: public; Owner: postgres
--

ALTER SEQUENCE public.failed_jobs_id_seq OWNED BY public.failed_jobs.id;


--
-- Name: featured_products; Type: TABLE; Schema: public; Owner: postgres
--

CREATE TABLE public.featured_products (
    id bigint NOT NULL,
    product_id bigint NOT NULL,
    created_at timestamp(0) without time zone,
    updated_at timestamp(0) without time zone
);


ALTER TABLE public.featured_products OWNER TO postgres;

--
-- Name: featured_products_id_seq; Type: SEQUENCE; Schema: public; Owner: postgres
--

CREATE SEQUENCE public.featured_products_id_seq
    START WITH 1
    INCREMENT BY 1
    NO MINVALUE
    NO MAXVALUE
    CACHE 1;


ALTER TABLE public.featured_products_id_seq OWNER TO postgres;

--
-- Name: featured_products_id_seq; Type: SEQUENCE OWNED BY; Schema: public; Owner: postgres
--

ALTER SEQUENCE public.featured_products_id_seq OWNED BY public.featured_products.id;


--
-- Name: menu_items; Type: TABLE; Schema: public; Owner: postgres
--

CREATE TABLE public.menu_items (
    id integer NOT NULL,
    menu_id integer,
    title character varying(255) NOT NULL,
    url character varying(255) NOT NULL,
    target character varying(255) DEFAULT '_self'::character varying NOT NULL,
    icon_class character varying(255),
    color character varying(255),
    parent_id integer,
    "order" integer NOT NULL,
    created_at timestamp(0) without time zone,
    updated_at timestamp(0) without time zone,
    route character varying(255),
    parameters text
);


ALTER TABLE public.menu_items OWNER TO postgres;

--
-- Name: menu_items_id_seq; Type: SEQUENCE; Schema: public; Owner: postgres
--

CREATE SEQUENCE public.menu_items_id_seq
    AS integer
    START WITH 1
    INCREMENT BY 1
    NO MINVALUE
    NO MAXVALUE
    CACHE 1;


ALTER TABLE public.menu_items_id_seq OWNER TO postgres;

--
-- Name: menu_items_id_seq; Type: SEQUENCE OWNED BY; Schema: public; Owner: postgres
--

ALTER SEQUENCE public.menu_items_id_seq OWNED BY public.menu_items.id;


--
-- Name: menus; Type: TABLE; Schema: public; Owner: postgres
--

CREATE TABLE public.menus (
    id integer NOT NULL,
    name character varying(255) NOT NULL,
    created_at timestamp(0) without time zone,
    updated_at timestamp(0) without time zone
);


ALTER TABLE public.menus OWNER TO postgres;

--
-- Name: menus_id_seq; Type: SEQUENCE; Schema: public; Owner: postgres
--

CREATE SEQUENCE public.menus_id_seq
    AS integer
    START WITH 1
    INCREMENT BY 1
    NO MINVALUE
    NO MAXVALUE
    CACHE 1;


ALTER TABLE public.menus_id_seq OWNER TO postgres;

--
-- Name: menus_id_seq; Type: SEQUENCE OWNED BY; Schema: public; Owner: postgres
--

ALTER SEQUENCE public.menus_id_seq OWNED BY public.menus.id;


--
-- Name: migrations; Type: TABLE; Schema: public; Owner: postgres
--

CREATE TABLE public.migrations (
    id integer NOT NULL,
    migration character varying(255) NOT NULL,
    batch integer NOT NULL
);


ALTER TABLE public.migrations OWNER TO postgres;

--
-- Name: migrations_id_seq; Type: SEQUENCE; Schema: public; Owner: postgres
--

CREATE SEQUENCE public.migrations_id_seq
    AS integer
    START WITH 1
    INCREMENT BY 1
    NO MINVALUE
    NO MAXVALUE
    CACHE 1;


ALTER TABLE public.migrations_id_seq OWNER TO postgres;

--
-- Name: migrations_id_seq; Type: SEQUENCE OWNED BY; Schema: public; Owner: postgres
--

ALTER SEQUENCE public.migrations_id_seq OWNED BY public.migrations.id;


--
-- Name: news; Type: TABLE; Schema: public; Owner: postgres
--

CREATE TABLE public.news (
    id bigint NOT NULL,
    title character varying(255) NOT NULL,
    text text NOT NULL,
    additional_text text NOT NULL,
    created_at timestamp(0) without time zone,
    updated_at timestamp(0) without time zone
);


ALTER TABLE public.news OWNER TO postgres;

--
-- Name: news_id_seq; Type: SEQUENCE; Schema: public; Owner: postgres
--

CREATE SEQUENCE public.news_id_seq
    START WITH 1
    INCREMENT BY 1
    NO MINVALUE
    NO MAXVALUE
    CACHE 1;


ALTER TABLE public.news_id_seq OWNER TO postgres;

--
-- Name: news_id_seq; Type: SEQUENCE OWNED BY; Schema: public; Owner: postgres
--

ALTER SEQUENCE public.news_id_seq OWNED BY public.news.id;


--
-- Name: news_media; Type: TABLE; Schema: public; Owner: postgres
--

CREATE TABLE public.news_media (
    id bigint NOT NULL,
    news_id bigint NOT NULL,
    media_path text NOT NULL,
    type character varying(255) NOT NULL,
    created_at timestamp(0) without time zone,
    updated_at timestamp(0) without time zone,
    CONSTRAINT news_media_type_check CHECK (((type)::text = ANY ((ARRAY['main_media'::character varying, 'other_media'::character varying])::text[])))
);


ALTER TABLE public.news_media OWNER TO postgres;

--
-- Name: news_media_id_seq; Type: SEQUENCE; Schema: public; Owner: postgres
--

CREATE SEQUENCE public.news_media_id_seq
    START WITH 1
    INCREMENT BY 1
    NO MINVALUE
    NO MAXVALUE
    CACHE 1;


ALTER TABLE public.news_media_id_seq OWNER TO postgres;

--
-- Name: news_media_id_seq; Type: SEQUENCE OWNED BY; Schema: public; Owner: postgres
--

ALTER SEQUENCE public.news_media_id_seq OWNED BY public.news_media.id;


--
-- Name: order_products; Type: TABLE; Schema: public; Owner: postgres
--

CREATE TABLE public.order_products (
    id bigint NOT NULL,
    order_id bigint NOT NULL,
    manager_id bigint NOT NULL,
    product_id bigint NOT NULL,
    quantity integer NOT NULL,
    dimension character varying(255) NOT NULL,
    status character varying(255) DEFAULT 'waiting'::character varying NOT NULL,
    total_product_price bigint NOT NULL,
    created_at timestamp(0) without time zone,
    updated_at timestamp(0) without time zone,
    CONSTRAINT order_products_status_check CHECK (((status)::text = ANY ((ARRAY['waiting'::character varying, 'ordered'::character varying, 'rejected'::character varying, 'delivered'::character varying])::text[])))
);


ALTER TABLE public.order_products OWNER TO postgres;

--
-- Name: order_products_id_seq; Type: SEQUENCE; Schema: public; Owner: postgres
--

CREATE SEQUENCE public.order_products_id_seq
    START WITH 1
    INCREMENT BY 1
    NO MINVALUE
    NO MAXVALUE
    CACHE 1;


ALTER TABLE public.order_products_id_seq OWNER TO postgres;

--
-- Name: order_products_id_seq; Type: SEQUENCE OWNED BY; Schema: public; Owner: postgres
--

ALTER SEQUENCE public.order_products_id_seq OWNED BY public.order_products.id;


--
-- Name: orders; Type: TABLE; Schema: public; Owner: postgres
--

CREATE TABLE public.orders (
    id bigint NOT NULL,
    name character varying(255) NOT NULL,
    user_id bigint,
    email character varying(255),
    phone character varying(255),
    content text NOT NULL,
    total bigint NOT NULL,
    created_at timestamp(0) without time zone,
    updated_at timestamp(0) without time zone
);


ALTER TABLE public.orders OWNER TO postgres;

--
-- Name: orders_id_seq; Type: SEQUENCE; Schema: public; Owner: postgres
--

CREATE SEQUENCE public.orders_id_seq
    START WITH 1
    INCREMENT BY 1
    NO MINVALUE
    NO MAXVALUE
    CACHE 1;


ALTER TABLE public.orders_id_seq OWNER TO postgres;

--
-- Name: orders_id_seq; Type: SEQUENCE OWNED BY; Schema: public; Owner: postgres
--

ALTER SEQUENCE public.orders_id_seq OWNED BY public.orders.id;


--
-- Name: pages; Type: TABLE; Schema: public; Owner: postgres
--

CREATE TABLE public.pages (
    id integer NOT NULL,
    author_id integer NOT NULL,
    title character varying(255) NOT NULL,
    excerpt text,
    body text,
    image character varying(255),
    slug character varying(255) NOT NULL,
    meta_description text,
    meta_keywords text,
    status character varying(255) DEFAULT 'INACTIVE'::character varying NOT NULL,
    created_at timestamp(0) without time zone,
    updated_at timestamp(0) without time zone,
    CONSTRAINT pages_status_check CHECK (((status)::text = ANY ((ARRAY['ACTIVE'::character varying, 'INACTIVE'::character varying])::text[])))
);


ALTER TABLE public.pages OWNER TO postgres;

--
-- Name: pages_id_seq; Type: SEQUENCE; Schema: public; Owner: postgres
--

CREATE SEQUENCE public.pages_id_seq
    AS integer
    START WITH 1
    INCREMENT BY 1
    NO MINVALUE
    NO MAXVALUE
    CACHE 1;


ALTER TABLE public.pages_id_seq OWNER TO postgres;

--
-- Name: pages_id_seq; Type: SEQUENCE OWNED BY; Schema: public; Owner: postgres
--

ALTER SEQUENCE public.pages_id_seq OWNED BY public.pages.id;


--
-- Name: password_resets; Type: TABLE; Schema: public; Owner: postgres
--

CREATE TABLE public.password_resets (
    email character varying(255) NOT NULL,
    token character varying(255) NOT NULL,
    created_at timestamp(0) without time zone
);


ALTER TABLE public.password_resets OWNER TO postgres;

--
-- Name: permission_role; Type: TABLE; Schema: public; Owner: postgres
--

CREATE TABLE public.permission_role (
    permission_id bigint NOT NULL,
    role_id bigint NOT NULL
);


ALTER TABLE public.permission_role OWNER TO postgres;

--
-- Name: permissions; Type: TABLE; Schema: public; Owner: postgres
--

CREATE TABLE public.permissions (
    id bigint NOT NULL,
    key character varying(255) NOT NULL,
    table_name character varying(255),
    created_at timestamp(0) without time zone,
    updated_at timestamp(0) without time zone
);


ALTER TABLE public.permissions OWNER TO postgres;

--
-- Name: permissions_id_seq; Type: SEQUENCE; Schema: public; Owner: postgres
--

CREATE SEQUENCE public.permissions_id_seq
    START WITH 1
    INCREMENT BY 1
    NO MINVALUE
    NO MAXVALUE
    CACHE 1;


ALTER TABLE public.permissions_id_seq OWNER TO postgres;

--
-- Name: permissions_id_seq; Type: SEQUENCE OWNED BY; Schema: public; Owner: postgres
--

ALTER SEQUENCE public.permissions_id_seq OWNED BY public.permissions.id;


--
-- Name: posts; Type: TABLE; Schema: public; Owner: postgres
--

CREATE TABLE public.posts (
    id integer NOT NULL,
    author_id integer NOT NULL,
    category_id integer,
    title character varying(255) NOT NULL,
    seo_title character varying(255),
    excerpt text,
    body text NOT NULL,
    image character varying(255),
    slug character varying(255) NOT NULL,
    meta_description text,
    meta_keywords text,
    status character varying(255) DEFAULT 'DRAFT'::character varying NOT NULL,
    featured boolean DEFAULT false NOT NULL,
    created_at timestamp(0) without time zone,
    updated_at timestamp(0) without time zone,
    CONSTRAINT posts_status_check CHECK (((status)::text = ANY ((ARRAY['PUBLISHED'::character varying, 'DRAFT'::character varying, 'PENDING'::character varying])::text[])))
);


ALTER TABLE public.posts OWNER TO postgres;

--
-- Name: posts_id_seq; Type: SEQUENCE; Schema: public; Owner: postgres
--

CREATE SEQUENCE public.posts_id_seq
    AS integer
    START WITH 1
    INCREMENT BY 1
    NO MINVALUE
    NO MAXVALUE
    CACHE 1;


ALTER TABLE public.posts_id_seq OWNER TO postgres;

--
-- Name: posts_id_seq; Type: SEQUENCE OWNED BY; Schema: public; Owner: postgres
--

ALTER SEQUENCE public.posts_id_seq OWNED BY public.posts.id;


--
-- Name: product_media; Type: TABLE; Schema: public; Owner: postgres
--

CREATE TABLE public.product_media (
    id bigint NOT NULL,
    product_id bigint NOT NULL,
    type character varying(255) NOT NULL,
    image_path text NOT NULL,
    created_at timestamp(0) without time zone,
    updated_at timestamp(0) without time zone,
    CONSTRAINT product_media_type_check CHECK (((type)::text = ANY ((ARRAY['main_image'::character varying, 'other_images'::character varying])::text[])))
);


ALTER TABLE public.product_media OWNER TO postgres;

--
-- Name: product_media_id_seq; Type: SEQUENCE; Schema: public; Owner: postgres
--

CREATE SEQUENCE public.product_media_id_seq
    START WITH 1
    INCREMENT BY 1
    NO MINVALUE
    NO MAXVALUE
    CACHE 1;


ALTER TABLE public.product_media_id_seq OWNER TO postgres;

--
-- Name: product_media_id_seq; Type: SEQUENCE OWNED BY; Schema: public; Owner: postgres
--

ALTER SEQUENCE public.product_media_id_seq OWNED BY public.product_media.id;


--
-- Name: products; Type: TABLE; Schema: public; Owner: postgres
--

CREATE TABLE public.products (
    id bigint NOT NULL,
    title character varying(255) NOT NULL,
    category_id bigint NOT NULL,
    price bigint NOT NULL,
    description text NOT NULL,
    keywords text,
    zone_of_maturation character varying(255),
    region character varying(255),
    female_line character varying(255),
    male_line character varying(255),
    silk_ugd character varying(255),
    black_ugd character varying(255),
    agronomic_chars text,
    cob_chars text,
    introduction_guide text,
    manager_id bigint NOT NULL,
    subcategory_id bigint NOT NULL,
    dimension character varying(255) DEFAULT 'kg'::character varying NOT NULL,
    created_at timestamp(0) without time zone,
    updated_at timestamp(0) without time zone,
    CONSTRAINT products_dimension_check CHECK (((dimension)::text = ANY ((ARRAY['kg'::character varying, 'tonne'::character varying, 'centner'::character varying, 'grams'::character varying])::text[])))
);


ALTER TABLE public.products OWNER TO postgres;

--
-- Name: products_id_seq; Type: SEQUENCE; Schema: public; Owner: postgres
--

CREATE SEQUENCE public.products_id_seq
    START WITH 1
    INCREMENT BY 1
    NO MINVALUE
    NO MAXVALUE
    CACHE 1;


ALTER TABLE public.products_id_seq OWNER TO postgres;

--
-- Name: products_id_seq; Type: SEQUENCE OWNED BY; Schema: public; Owner: postgres
--

ALTER SEQUENCE public.products_id_seq OWNED BY public.products.id;


--
-- Name: questions; Type: TABLE; Schema: public; Owner: postgres
--

CREATE TABLE public.questions (
    id bigint NOT NULL,
    question text NOT NULL,
    question_kz text NOT NULL,
    question_ru text NOT NULL,
    created_at timestamp(0) without time zone,
    updated_at timestamp(0) without time zone
);


ALTER TABLE public.questions OWNER TO postgres;

--
-- Name: questions_id_seq; Type: SEQUENCE; Schema: public; Owner: postgres
--

CREATE SEQUENCE public.questions_id_seq
    START WITH 1
    INCREMENT BY 1
    NO MINVALUE
    NO MAXVALUE
    CACHE 1;


ALTER TABLE public.questions_id_seq OWNER TO postgres;

--
-- Name: questions_id_seq; Type: SEQUENCE OWNED BY; Schema: public; Owner: postgres
--

ALTER SEQUENCE public.questions_id_seq OWNED BY public.questions.id;


--
-- Name: roles; Type: TABLE; Schema: public; Owner: postgres
--

CREATE TABLE public.roles (
    id bigint NOT NULL,
    name character varying(255) NOT NULL,
    display_name character varying(255) NOT NULL,
    created_at timestamp(0) without time zone,
    updated_at timestamp(0) without time zone
);


ALTER TABLE public.roles OWNER TO postgres;

--
-- Name: roles_id_seq; Type: SEQUENCE; Schema: public; Owner: postgres
--

CREATE SEQUENCE public.roles_id_seq
    START WITH 1
    INCREMENT BY 1
    NO MINVALUE
    NO MAXVALUE
    CACHE 1;


ALTER TABLE public.roles_id_seq OWNER TO postgres;

--
-- Name: roles_id_seq; Type: SEQUENCE OWNED BY; Schema: public; Owner: postgres
--

ALTER SEQUENCE public.roles_id_seq OWNED BY public.roles.id;


--
-- Name: settings; Type: TABLE; Schema: public; Owner: postgres
--

CREATE TABLE public.settings (
    id integer NOT NULL,
    key character varying(255) NOT NULL,
    display_name character varying(255) NOT NULL,
    value text,
    details text,
    type character varying(255) NOT NULL,
    "order" integer DEFAULT 1 NOT NULL,
    "group" character varying(255)
);


ALTER TABLE public.settings OWNER TO postgres;

--
-- Name: settings_id_seq; Type: SEQUENCE; Schema: public; Owner: postgres
--

CREATE SEQUENCE public.settings_id_seq
    AS integer
    START WITH 1
    INCREMENT BY 1
    NO MINVALUE
    NO MAXVALUE
    CACHE 1;


ALTER TABLE public.settings_id_seq OWNER TO postgres;

--
-- Name: settings_id_seq; Type: SEQUENCE OWNED BY; Schema: public; Owner: postgres
--

ALTER SEQUENCE public.settings_id_seq OWNED BY public.settings.id;


--
-- Name: sliders; Type: TABLE; Schema: public; Owner: postgres
--

CREATE TABLE public.sliders (
    id bigint NOT NULL,
    title character varying(255) NOT NULL,
    image_path text NOT NULL,
    link character varying(255) NOT NULL,
    created_at timestamp(0) without time zone,
    updated_at timestamp(0) without time zone
);


ALTER TABLE public.sliders OWNER TO postgres;

--
-- Name: sliders_id_seq; Type: SEQUENCE; Schema: public; Owner: postgres
--

CREATE SEQUENCE public.sliders_id_seq
    START WITH 1
    INCREMENT BY 1
    NO MINVALUE
    NO MAXVALUE
    CACHE 1;


ALTER TABLE public.sliders_id_seq OWNER TO postgres;

--
-- Name: sliders_id_seq; Type: SEQUENCE OWNED BY; Schema: public; Owner: postgres
--

ALTER SEQUENCE public.sliders_id_seq OWNED BY public.sliders.id;


--
-- Name: subcategories; Type: TABLE; Schema: public; Owner: postgres
--

CREATE TABLE public.subcategories (
    id bigint NOT NULL,
    category_id bigint NOT NULL,
    title character varying(255) NOT NULL,
    created_at timestamp(0) without time zone,
    updated_at timestamp(0) without time zone
);


ALTER TABLE public.subcategories OWNER TO postgres;

--
-- Name: subcategories_id_seq; Type: SEQUENCE; Schema: public; Owner: postgres
--

CREATE SEQUENCE public.subcategories_id_seq
    START WITH 1
    INCREMENT BY 1
    NO MINVALUE
    NO MAXVALUE
    CACHE 1;


ALTER TABLE public.subcategories_id_seq OWNER TO postgres;

--
-- Name: subcategories_id_seq; Type: SEQUENCE OWNED BY; Schema: public; Owner: postgres
--

ALTER SEQUENCE public.subcategories_id_seq OWNED BY public.subcategories.id;


--
-- Name: translations; Type: TABLE; Schema: public; Owner: postgres
--

CREATE TABLE public.translations (
    id integer NOT NULL,
    table_name character varying(255) NOT NULL,
    column_name character varying(255) NOT NULL,
    foreign_key integer NOT NULL,
    locale character varying(255) NOT NULL,
    value text NOT NULL,
    created_at timestamp(0) without time zone,
    updated_at timestamp(0) without time zone
);


ALTER TABLE public.translations OWNER TO postgres;

--
-- Name: translations_id_seq; Type: SEQUENCE; Schema: public; Owner: postgres
--

CREATE SEQUENCE public.translations_id_seq
    AS integer
    START WITH 1
    INCREMENT BY 1
    NO MINVALUE
    NO MAXVALUE
    CACHE 1;


ALTER TABLE public.translations_id_seq OWNER TO postgres;

--
-- Name: translations_id_seq; Type: SEQUENCE OWNED BY; Schema: public; Owner: postgres
--

ALTER SEQUENCE public.translations_id_seq OWNED BY public.translations.id;


--
-- Name: user_roles; Type: TABLE; Schema: public; Owner: postgres
--

CREATE TABLE public.user_roles (
    user_id bigint NOT NULL,
    role_id bigint NOT NULL
);


ALTER TABLE public.user_roles OWNER TO postgres;

--
-- Name: users; Type: TABLE; Schema: public; Owner: postgres
--

CREATE TABLE public.users (
    id bigint NOT NULL,
    name character varying(255) NOT NULL,
    email character varying(255) NOT NULL,
    phone character varying(255),
    email_verified_at timestamp(0) without time zone,
    password character varying(255) NOT NULL,
    remember_token character varying(100),
    created_at timestamp(0) without time zone,
    updated_at timestamp(0) without time zone,
    avatar character varying(255) DEFAULT 'users/default.png'::character varying,
    role_id bigint,
    settings text
);


ALTER TABLE public.users OWNER TO postgres;

--
-- Name: users_id_seq; Type: SEQUENCE; Schema: public; Owner: postgres
--

CREATE SEQUENCE public.users_id_seq
    START WITH 1
    INCREMENT BY 1
    NO MINVALUE
    NO MAXVALUE
    CACHE 1;


ALTER TABLE public.users_id_seq OWNER TO postgres;

--
-- Name: users_id_seq; Type: SEQUENCE OWNED BY; Schema: public; Owner: postgres
--

ALTER SEQUENCE public.users_id_seq OWNED BY public.users.id;


--
-- Name: agronomy_services id; Type: DEFAULT; Schema: public; Owner: postgres
--

ALTER TABLE ONLY public.agronomy_services ALTER COLUMN id SET DEFAULT nextval('public.agronomy_services_id_seq'::regclass);


--
-- Name: answers id; Type: DEFAULT; Schema: public; Owner: postgres
--

ALTER TABLE ONLY public.answers ALTER COLUMN id SET DEFAULT nextval('public.answers_id_seq'::regclass);


--
-- Name: categories id; Type: DEFAULT; Schema: public; Owner: postgres
--

ALTER TABLE ONLY public.categories ALTER COLUMN id SET DEFAULT nextval('public.categories_id_seq'::regclass);


--
-- Name: data_rows id; Type: DEFAULT; Schema: public; Owner: postgres
--

ALTER TABLE ONLY public.data_rows ALTER COLUMN id SET DEFAULT nextval('public.data_rows_id_seq'::regclass);


--
-- Name: data_types id; Type: DEFAULT; Schema: public; Owner: postgres
--

ALTER TABLE ONLY public.data_types ALTER COLUMN id SET DEFAULT nextval('public.data_types_id_seq'::regclass);


--
-- Name: failed_jobs id; Type: DEFAULT; Schema: public; Owner: postgres
--

ALTER TABLE ONLY public.failed_jobs ALTER COLUMN id SET DEFAULT nextval('public.failed_jobs_id_seq'::regclass);


--
-- Name: featured_products id; Type: DEFAULT; Schema: public; Owner: postgres
--

ALTER TABLE ONLY public.featured_products ALTER COLUMN id SET DEFAULT nextval('public.featured_products_id_seq'::regclass);


--
-- Name: menu_items id; Type: DEFAULT; Schema: public; Owner: postgres
--

ALTER TABLE ONLY public.menu_items ALTER COLUMN id SET DEFAULT nextval('public.menu_items_id_seq'::regclass);


--
-- Name: menus id; Type: DEFAULT; Schema: public; Owner: postgres
--

ALTER TABLE ONLY public.menus ALTER COLUMN id SET DEFAULT nextval('public.menus_id_seq'::regclass);


--
-- Name: migrations id; Type: DEFAULT; Schema: public; Owner: postgres
--

ALTER TABLE ONLY public.migrations ALTER COLUMN id SET DEFAULT nextval('public.migrations_id_seq'::regclass);


--
-- Name: news id; Type: DEFAULT; Schema: public; Owner: postgres
--

ALTER TABLE ONLY public.news ALTER COLUMN id SET DEFAULT nextval('public.news_id_seq'::regclass);


--
-- Name: news_media id; Type: DEFAULT; Schema: public; Owner: postgres
--

ALTER TABLE ONLY public.news_media ALTER COLUMN id SET DEFAULT nextval('public.news_media_id_seq'::regclass);


--
-- Name: order_products id; Type: DEFAULT; Schema: public; Owner: postgres
--

ALTER TABLE ONLY public.order_products ALTER COLUMN id SET DEFAULT nextval('public.order_products_id_seq'::regclass);


--
-- Name: orders id; Type: DEFAULT; Schema: public; Owner: postgres
--

ALTER TABLE ONLY public.orders ALTER COLUMN id SET DEFAULT nextval('public.orders_id_seq'::regclass);


--
-- Name: pages id; Type: DEFAULT; Schema: public; Owner: postgres
--

ALTER TABLE ONLY public.pages ALTER COLUMN id SET DEFAULT nextval('public.pages_id_seq'::regclass);


--
-- Name: permissions id; Type: DEFAULT; Schema: public; Owner: postgres
--

ALTER TABLE ONLY public.permissions ALTER COLUMN id SET DEFAULT nextval('public.permissions_id_seq'::regclass);


--
-- Name: posts id; Type: DEFAULT; Schema: public; Owner: postgres
--

ALTER TABLE ONLY public.posts ALTER COLUMN id SET DEFAULT nextval('public.posts_id_seq'::regclass);


--
-- Name: product_media id; Type: DEFAULT; Schema: public; Owner: postgres
--

ALTER TABLE ONLY public.product_media ALTER COLUMN id SET DEFAULT nextval('public.product_media_id_seq'::regclass);


--
-- Name: products id; Type: DEFAULT; Schema: public; Owner: postgres
--

ALTER TABLE ONLY public.products ALTER COLUMN id SET DEFAULT nextval('public.products_id_seq'::regclass);


--
-- Name: questions id; Type: DEFAULT; Schema: public; Owner: postgres
--

ALTER TABLE ONLY public.questions ALTER COLUMN id SET DEFAULT nextval('public.questions_id_seq'::regclass);


--
-- Name: roles id; Type: DEFAULT; Schema: public; Owner: postgres
--

ALTER TABLE ONLY public.roles ALTER COLUMN id SET DEFAULT nextval('public.roles_id_seq'::regclass);


--
-- Name: settings id; Type: DEFAULT; Schema: public; Owner: postgres
--

ALTER TABLE ONLY public.settings ALTER COLUMN id SET DEFAULT nextval('public.settings_id_seq'::regclass);


--
-- Name: sliders id; Type: DEFAULT; Schema: public; Owner: postgres
--

ALTER TABLE ONLY public.sliders ALTER COLUMN id SET DEFAULT nextval('public.sliders_id_seq'::regclass);


--
-- Name: subcategories id; Type: DEFAULT; Schema: public; Owner: postgres
--

ALTER TABLE ONLY public.subcategories ALTER COLUMN id SET DEFAULT nextval('public.subcategories_id_seq'::regclass);


--
-- Name: translations id; Type: DEFAULT; Schema: public; Owner: postgres
--

ALTER TABLE ONLY public.translations ALTER COLUMN id SET DEFAULT nextval('public.translations_id_seq'::regclass);


--
-- Name: users id; Type: DEFAULT; Schema: public; Owner: postgres
--

ALTER TABLE ONLY public.users ALTER COLUMN id SET DEFAULT nextval('public.users_id_seq'::regclass);


--
-- Data for Name: agronomy_services; Type: TABLE DATA; Schema: public; Owner: postgres
--

COPY public.agronomy_services (id, title, created_at, updated_at) FROM stdin;
\.


--
-- Data for Name: answers; Type: TABLE DATA; Schema: public; Owner: postgres
--

COPY public.answers (id, answer, answer_kz, answer_ru, question_id, count, created_at, updated_at) FROM stdin;
\.


--
-- Data for Name: categories; Type: TABLE DATA; Schema: public; Owner: postgres
--

COPY public.categories (id, title, created_at, updated_at) FROM stdin;
\.


--
-- Data for Name: data_rows; Type: TABLE DATA; Schema: public; Owner: postgres
--

COPY public.data_rows (id, data_type_id, field, type, display_name, required, browse, read, edit, add, delete, details, "order") FROM stdin;
1	1	id	number	ID	t	f	f	f	f	f	\N	1
2	1	name	text	Name	t	t	t	t	t	t	\N	2
3	1	email	text	Email	t	t	t	t	t	t	\N	3
4	1	password	password	Password	t	f	f	t	t	f	\N	4
5	1	remember_token	text	Remember Token	f	f	f	f	f	f	\N	5
6	1	created_at	timestamp	Created At	f	t	t	f	f	f	\N	6
7	1	updated_at	timestamp	Updated At	f	f	f	f	f	f	\N	7
8	1	avatar	image	Avatar	f	t	t	t	t	t	\N	8
9	1	user_belongsto_role_relationship	relationship	Role	f	t	t	t	t	f	{"model":"TCG\\\\Voyager\\\\Models\\\\Role","table":"roles","type":"belongsTo","column":"role_id","key":"id","label":"display_name","pivot_table":"roles","pivot":0}	10
10	1	user_belongstomany_role_relationship	relationship	Roles	f	t	t	t	t	f	{"model":"TCG\\\\Voyager\\\\Models\\\\Role","table":"roles","type":"belongsToMany","column":"id","key":"id","label":"display_name","pivot_table":"user_roles","pivot":"1","taggable":"0"}	11
11	1	settings	hidden	Settings	f	f	f	f	f	f	\N	12
12	2	id	number	ID	t	f	f	f	f	f	\N	1
13	2	name	text	Name	t	t	t	t	t	t	\N	2
14	2	created_at	timestamp	Created At	f	f	f	f	f	f	\N	3
15	2	updated_at	timestamp	Updated At	f	f	f	f	f	f	\N	4
16	3	id	number	ID	t	f	f	f	f	f	\N	1
17	3	name	text	Name	t	t	t	t	t	t	\N	2
18	3	created_at	timestamp	Created At	f	f	f	f	f	f	\N	3
19	3	updated_at	timestamp	Updated At	f	f	f	f	f	f	\N	4
20	3	display_name	text	Display Name	t	t	t	t	t	t	\N	5
21	1	role_id	text	Role	t	t	t	t	t	t	\N	9
\.


--
-- Data for Name: data_types; Type: TABLE DATA; Schema: public; Owner: postgres
--

COPY public.data_types (id, name, slug, display_name_singular, display_name_plural, icon, model_name, description, generate_permissions, created_at, updated_at, server_side, controller, policy_name, details) FROM stdin;
1	users	users	User	Users	voyager-person	TCG\\Voyager\\Models\\User		t	2020-07-27 08:51:26	2020-07-27 08:51:26	0	TCG\\Voyager\\Http\\Controllers\\VoyagerUserController	TCG\\Voyager\\Policies\\UserPolicy	\N
2	menus	menus	Menu	Menus	voyager-list	TCG\\Voyager\\Models\\Menu		t	2020-07-27 08:51:26	2020-07-27 08:51:26	0		\N	\N
3	roles	roles	Role	Roles	voyager-lock	TCG\\Voyager\\Models\\Role		t	2020-07-27 08:51:26	2020-07-27 08:51:26	0	TCG\\Voyager\\Http\\Controllers\\VoyagerRoleController	\N	\N
\.


--
-- Data for Name: failed_jobs; Type: TABLE DATA; Schema: public; Owner: postgres
--

COPY public.failed_jobs (id, connection, queue, payload, exception, failed_at) FROM stdin;
\.


--
-- Data for Name: featured_products; Type: TABLE DATA; Schema: public; Owner: postgres
--

COPY public.featured_products (id, product_id, created_at, updated_at) FROM stdin;
\.


--
-- Data for Name: menu_items; Type: TABLE DATA; Schema: public; Owner: postgres
--

COPY public.menu_items (id, menu_id, title, url, target, icon_class, color, parent_id, "order", created_at, updated_at, route, parameters) FROM stdin;
1	1	Dashboard		_self	voyager-boat	\N	\N	1	2020-07-27 08:51:26	2020-07-27 08:51:26	voyager.dashboard	\N
2	1	Media		_self	voyager-images	\N	\N	5	2020-07-27 08:51:26	2020-07-27 08:51:26	voyager.media.index	\N
3	1	Users		_self	voyager-person	\N	\N	3	2020-07-27 08:51:26	2020-07-27 08:51:26	voyager.users.index	\N
4	1	Roles		_self	voyager-lock	\N	\N	2	2020-07-27 08:51:26	2020-07-27 08:51:26	voyager.roles.index	\N
5	1	Tools		_self	voyager-tools	\N	\N	9	2020-07-27 08:51:26	2020-07-27 08:51:26	\N	\N
6	1	Menu Builder		_self	voyager-list	\N	5	10	2020-07-27 08:51:26	2020-07-27 08:51:26	voyager.menus.index	\N
7	1	Database		_self	voyager-data	\N	5	11	2020-07-27 08:51:26	2020-07-27 08:51:26	voyager.database.index	\N
8	1	Compass		_self	voyager-compass	\N	5	12	2020-07-27 08:51:26	2020-07-27 08:51:26	voyager.compass.index	\N
9	1	BREAD		_self	voyager-bread	\N	5	13	2020-07-27 08:51:26	2020-07-27 08:51:26	voyager.bread.index	\N
10	1	Settings		_self	voyager-settings	\N	\N	14	2020-07-27 08:51:26	2020-07-27 08:51:26	voyager.settings.index	\N
11	1	Hooks		_self	voyager-hook	\N	5	13	2020-07-27 08:51:26	2020-07-27 08:51:26	voyager.hooks	\N
\.


--
-- Data for Name: menus; Type: TABLE DATA; Schema: public; Owner: postgres
--

COPY public.menus (id, name, created_at, updated_at) FROM stdin;
1	admin	2020-07-27 08:51:26	2020-07-27 08:51:26
\.


--
-- Data for Name: migrations; Type: TABLE DATA; Schema: public; Owner: postgres
--

COPY public.migrations (id, migration, batch) FROM stdin;
1	2014_10_12_000000_create_users_table	1
2	2014_10_12_100000_create_password_resets_table	1
3	2016_01_01_000000_add_voyager_user_fields	1
4	2016_01_01_000000_create_data_types_table	1
5	2016_01_01_000000_create_pages_table	1
6	2016_01_01_000000_create_posts_table	1
7	2016_05_19_173453_create_menu_table	1
8	2016_10_21_190000_create_roles_table	1
9	2016_10_21_190000_create_settings_table	1
10	2016_11_30_135954_create_permission_table	1
11	2016_11_30_141208_create_permission_role_table	1
12	2016_12_26_201236_data_types__add__server_side	1
13	2017_01_13_000000_add_route_to_menu_items_table	1
14	2017_01_14_005015_create_translations_table	1
15	2017_01_15_000000_make_table_name_nullable_in_permissions_table	1
16	2017_03_06_000000_add_controller_to_data_types_table	1
17	2017_04_11_000000_alter_post_nullable_fields_table	1
18	2017_04_21_000000_add_order_to_data_rows_table	1
19	2017_07_05_210000_add_policyname_to_data_types_table	1
20	2017_08_05_000000_add_group_to_settings_table	1
21	2017_11_26_013050_add_user_role_relationship	1
22	2017_11_26_015000_create_user_roles_table	1
23	2018_03_11_000000_add_user_settings	1
24	2018_03_14_000000_add_details_to_data_types_table	1
25	2018_03_16_000000_make_settings_value_nullable	1
26	2019_08_19_000000_create_failed_jobs_table	1
27	2020_07_14_110947_create_sliders_table	1
28	2020_07_15_033757_create_categories_table	1
29	2020_07_15_033758_create_subcategories_table	1
30	2020_07_15_033857_create_products_table	1
31	2020_07_15_044331_create_agronomy_services_table	1
32	2020_07_15_052921_create_product_media_table	1
33	2020_07_15_060539_create_news_table	1
34	2020_07_15_060650_create_news_media_table	1
35	2020_07_15_101615_create_featured_products_table	1
36	2020_07_23_074111_create_orders_table	1
37	2020_07_23_074242_create_order_products_table	1
38	2020_07_23_105652_create_questions_table	1
39	2020_07_23_105704_create_answers_table	1
\.


--
-- Data for Name: news; Type: TABLE DATA; Schema: public; Owner: postgres
--

COPY public.news (id, title, text, additional_text, created_at, updated_at) FROM stdin;
\.


--
-- Data for Name: news_media; Type: TABLE DATA; Schema: public; Owner: postgres
--

COPY public.news_media (id, news_id, media_path, type, created_at, updated_at) FROM stdin;
\.


--
-- Data for Name: order_products; Type: TABLE DATA; Schema: public; Owner: postgres
--

COPY public.order_products (id, order_id, manager_id, product_id, quantity, dimension, status, total_product_price, created_at, updated_at) FROM stdin;
\.


--
-- Data for Name: orders; Type: TABLE DATA; Schema: public; Owner: postgres
--

COPY public.orders (id, name, user_id, email, phone, content, total, created_at, updated_at) FROM stdin;
\.


--
-- Data for Name: pages; Type: TABLE DATA; Schema: public; Owner: postgres
--

COPY public.pages (id, author_id, title, excerpt, body, image, slug, meta_description, meta_keywords, status, created_at, updated_at) FROM stdin;
\.


--
-- Data for Name: password_resets; Type: TABLE DATA; Schema: public; Owner: postgres
--

COPY public.password_resets (email, token, created_at) FROM stdin;
\.


--
-- Data for Name: permission_role; Type: TABLE DATA; Schema: public; Owner: postgres
--

COPY public.permission_role (permission_id, role_id) FROM stdin;
1	1
2	1
3	1
4	1
5	1
6	1
7	1
8	1
9	1
10	1
11	1
12	1
13	1
14	1
15	1
16	1
17	1
18	1
19	1
20	1
21	1
22	1
23	1
24	1
25	1
26	1
\.


--
-- Data for Name: permissions; Type: TABLE DATA; Schema: public; Owner: postgres
--

COPY public.permissions (id, key, table_name, created_at, updated_at) FROM stdin;
1	browse_admin	\N	2020-07-27 08:51:26	2020-07-27 08:51:26
2	browse_bread	\N	2020-07-27 08:51:26	2020-07-27 08:51:26
3	browse_database	\N	2020-07-27 08:51:26	2020-07-27 08:51:26
4	browse_media	\N	2020-07-27 08:51:26	2020-07-27 08:51:26
5	browse_compass	\N	2020-07-27 08:51:26	2020-07-27 08:51:26
6	browse_menus	menus	2020-07-27 08:51:26	2020-07-27 08:51:26
7	read_menus	menus	2020-07-27 08:51:26	2020-07-27 08:51:26
8	edit_menus	menus	2020-07-27 08:51:26	2020-07-27 08:51:26
9	add_menus	menus	2020-07-27 08:51:26	2020-07-27 08:51:26
10	delete_menus	menus	2020-07-27 08:51:26	2020-07-27 08:51:26
11	browse_roles	roles	2020-07-27 08:51:26	2020-07-27 08:51:26
12	read_roles	roles	2020-07-27 08:51:26	2020-07-27 08:51:26
13	edit_roles	roles	2020-07-27 08:51:26	2020-07-27 08:51:26
14	add_roles	roles	2020-07-27 08:51:26	2020-07-27 08:51:26
15	delete_roles	roles	2020-07-27 08:51:26	2020-07-27 08:51:26
16	browse_users	users	2020-07-27 08:51:26	2020-07-27 08:51:26
17	read_users	users	2020-07-27 08:51:26	2020-07-27 08:51:26
18	edit_users	users	2020-07-27 08:51:26	2020-07-27 08:51:26
19	add_users	users	2020-07-27 08:51:26	2020-07-27 08:51:26
20	delete_users	users	2020-07-27 08:51:26	2020-07-27 08:51:26
21	browse_settings	settings	2020-07-27 08:51:26	2020-07-27 08:51:26
22	read_settings	settings	2020-07-27 08:51:26	2020-07-27 08:51:26
23	edit_settings	settings	2020-07-27 08:51:26	2020-07-27 08:51:26
24	add_settings	settings	2020-07-27 08:51:26	2020-07-27 08:51:26
25	delete_settings	settings	2020-07-27 08:51:26	2020-07-27 08:51:26
26	browse_hooks	\N	2020-07-27 08:51:26	2020-07-27 08:51:26
\.


--
-- Data for Name: posts; Type: TABLE DATA; Schema: public; Owner: postgres
--

COPY public.posts (id, author_id, category_id, title, seo_title, excerpt, body, image, slug, meta_description, meta_keywords, status, featured, created_at, updated_at) FROM stdin;
\.


--
-- Data for Name: product_media; Type: TABLE DATA; Schema: public; Owner: postgres
--

COPY public.product_media (id, product_id, type, image_path, created_at, updated_at) FROM stdin;
\.


--
-- Data for Name: products; Type: TABLE DATA; Schema: public; Owner: postgres
--

COPY public.products (id, title, category_id, price, description, keywords, zone_of_maturation, region, female_line, male_line, silk_ugd, black_ugd, agronomic_chars, cob_chars, introduction_guide, manager_id, subcategory_id, dimension, created_at, updated_at) FROM stdin;
\.


--
-- Data for Name: questions; Type: TABLE DATA; Schema: public; Owner: postgres
--

COPY public.questions (id, question, question_kz, question_ru, created_at, updated_at) FROM stdin;
\.


--
-- Data for Name: roles; Type: TABLE DATA; Schema: public; Owner: postgres
--

COPY public.roles (id, name, display_name, created_at, updated_at) FROM stdin;
1	admin	Administrator	2020-07-27 08:51:26	2020-07-27 08:51:26
2	user	Normal User	2020-07-27 08:51:26	2020-07-27 08:51:26
\.


--
-- Data for Name: settings; Type: TABLE DATA; Schema: public; Owner: postgres
--

COPY public.settings (id, key, display_name, value, details, type, "order", "group") FROM stdin;
1	site.title	Site Title	Site Title		text	1	Site
2	site.description	Site Description	Site Description		text	2	Site
3	site.logo	Site Logo			image	3	Site
4	site.google_analytics_tracking_id	Google Analytics Tracking ID			text	4	Site
5	admin.bg_image	Admin Background Image			image	5	Admin
6	admin.title	Admin Title	Voyager		text	1	Admin
7	admin.description	Admin Description	Welcome to Voyager. The Missing Admin for Laravel		text	2	Admin
8	admin.loader	Admin Loader			image	3	Admin
9	admin.icon_image	Admin Icon Image			image	4	Admin
10	admin.google_analytics_client_id	Google Analytics Client ID (used for admin dashboard)			text	1	Admin
\.


--
-- Data for Name: sliders; Type: TABLE DATA; Schema: public; Owner: postgres
--

COPY public.sliders (id, title, image_path, link, created_at, updated_at) FROM stdin;
\.


--
-- Data for Name: subcategories; Type: TABLE DATA; Schema: public; Owner: postgres
--

COPY public.subcategories (id, category_id, title, created_at, updated_at) FROM stdin;
\.


--
-- Data for Name: translations; Type: TABLE DATA; Schema: public; Owner: postgres
--

COPY public.translations (id, table_name, column_name, foreign_key, locale, value, created_at, updated_at) FROM stdin;
\.


--
-- Data for Name: user_roles; Type: TABLE DATA; Schema: public; Owner: postgres
--

COPY public.user_roles (user_id, role_id) FROM stdin;
\.


--
-- Data for Name: users; Type: TABLE DATA; Schema: public; Owner: postgres
--

COPY public.users (id, name, email, phone, email_verified_at, password, remember_token, created_at, updated_at, avatar, role_id, settings) FROM stdin;
1	asyl tas	tomboffos@gmail.com	87073039917	\N	$2y$10$GLMp1W4XqGzU9MayR7u4N.22M7ps3UykwHjEay7iB9BBhqKND4Bji	R8J3dIQFMeBkKEb1tG2C1UlAlLFLiVYGNNJzFbjCdDFAw1vhrK3C2DvUnlCR	2020-07-27 08:15:09	2020-07-27 08:15:09	users/default.png	\N	\N
2	admin	your@email.com	\N	\N	$2y$10$6aguUGAX4Hvgb91kCGts8OPF3TaHC9h1h712DYJCPYTC1FMqTxi42	\N	2020-07-27 08:51:50	2020-07-27 08:51:50	users/default.png	1	\N
\.


--
-- Name: agronomy_services_id_seq; Type: SEQUENCE SET; Schema: public; Owner: postgres
--

SELECT pg_catalog.setval('public.agronomy_services_id_seq', 1, false);


--
-- Name: answers_id_seq; Type: SEQUENCE SET; Schema: public; Owner: postgres
--

SELECT pg_catalog.setval('public.answers_id_seq', 1, false);


--
-- Name: categories_id_seq; Type: SEQUENCE SET; Schema: public; Owner: postgres
--

SELECT pg_catalog.setval('public.categories_id_seq', 1, false);


--
-- Name: data_rows_id_seq; Type: SEQUENCE SET; Schema: public; Owner: postgres
--

SELECT pg_catalog.setval('public.data_rows_id_seq', 21, true);


--
-- Name: data_types_id_seq; Type: SEQUENCE SET; Schema: public; Owner: postgres
--

SELECT pg_catalog.setval('public.data_types_id_seq', 3, true);


--
-- Name: failed_jobs_id_seq; Type: SEQUENCE SET; Schema: public; Owner: postgres
--

SELECT pg_catalog.setval('public.failed_jobs_id_seq', 1, false);


--
-- Name: featured_products_id_seq; Type: SEQUENCE SET; Schema: public; Owner: postgres
--

SELECT pg_catalog.setval('public.featured_products_id_seq', 1, false);


--
-- Name: menu_items_id_seq; Type: SEQUENCE SET; Schema: public; Owner: postgres
--

SELECT pg_catalog.setval('public.menu_items_id_seq', 11, true);


--
-- Name: menus_id_seq; Type: SEQUENCE SET; Schema: public; Owner: postgres
--

SELECT pg_catalog.setval('public.menus_id_seq', 1, true);


--
-- Name: migrations_id_seq; Type: SEQUENCE SET; Schema: public; Owner: postgres
--

SELECT pg_catalog.setval('public.migrations_id_seq', 39, true);


--
-- Name: news_id_seq; Type: SEQUENCE SET; Schema: public; Owner: postgres
--

SELECT pg_catalog.setval('public.news_id_seq', 1, false);


--
-- Name: news_media_id_seq; Type: SEQUENCE SET; Schema: public; Owner: postgres
--

SELECT pg_catalog.setval('public.news_media_id_seq', 1, false);


--
-- Name: order_products_id_seq; Type: SEQUENCE SET; Schema: public; Owner: postgres
--

SELECT pg_catalog.setval('public.order_products_id_seq', 1, false);


--
-- Name: orders_id_seq; Type: SEQUENCE SET; Schema: public; Owner: postgres
--

SELECT pg_catalog.setval('public.orders_id_seq', 1, false);


--
-- Name: pages_id_seq; Type: SEQUENCE SET; Schema: public; Owner: postgres
--

SELECT pg_catalog.setval('public.pages_id_seq', 1, false);


--
-- Name: permissions_id_seq; Type: SEQUENCE SET; Schema: public; Owner: postgres
--

SELECT pg_catalog.setval('public.permissions_id_seq', 26, true);


--
-- Name: posts_id_seq; Type: SEQUENCE SET; Schema: public; Owner: postgres
--

SELECT pg_catalog.setval('public.posts_id_seq', 1, false);


--
-- Name: product_media_id_seq; Type: SEQUENCE SET; Schema: public; Owner: postgres
--

SELECT pg_catalog.setval('public.product_media_id_seq', 1, false);


--
-- Name: products_id_seq; Type: SEQUENCE SET; Schema: public; Owner: postgres
--

SELECT pg_catalog.setval('public.products_id_seq', 1, false);


--
-- Name: questions_id_seq; Type: SEQUENCE SET; Schema: public; Owner: postgres
--

SELECT pg_catalog.setval('public.questions_id_seq', 1, false);


--
-- Name: roles_id_seq; Type: SEQUENCE SET; Schema: public; Owner: postgres
--

SELECT pg_catalog.setval('public.roles_id_seq', 2, true);


--
-- Name: settings_id_seq; Type: SEQUENCE SET; Schema: public; Owner: postgres
--

SELECT pg_catalog.setval('public.settings_id_seq', 10, true);


--
-- Name: sliders_id_seq; Type: SEQUENCE SET; Schema: public; Owner: postgres
--

SELECT pg_catalog.setval('public.sliders_id_seq', 1, false);


--
-- Name: subcategories_id_seq; Type: SEQUENCE SET; Schema: public; Owner: postgres
--

SELECT pg_catalog.setval('public.subcategories_id_seq', 1, false);


--
-- Name: translations_id_seq; Type: SEQUENCE SET; Schema: public; Owner: postgres
--

SELECT pg_catalog.setval('public.translations_id_seq', 1, false);


--
-- Name: users_id_seq; Type: SEQUENCE SET; Schema: public; Owner: postgres
--

SELECT pg_catalog.setval('public.users_id_seq', 2, true);


--
-- Name: agronomy_services agronomy_services_pkey; Type: CONSTRAINT; Schema: public; Owner: postgres
--

ALTER TABLE ONLY public.agronomy_services
    ADD CONSTRAINT agronomy_services_pkey PRIMARY KEY (id);


--
-- Name: answers answers_pkey; Type: CONSTRAINT; Schema: public; Owner: postgres
--

ALTER TABLE ONLY public.answers
    ADD CONSTRAINT answers_pkey PRIMARY KEY (id);


--
-- Name: categories categories_pkey; Type: CONSTRAINT; Schema: public; Owner: postgres
--

ALTER TABLE ONLY public.categories
    ADD CONSTRAINT categories_pkey PRIMARY KEY (id);


--
-- Name: data_rows data_rows_pkey; Type: CONSTRAINT; Schema: public; Owner: postgres
--

ALTER TABLE ONLY public.data_rows
    ADD CONSTRAINT data_rows_pkey PRIMARY KEY (id);


--
-- Name: data_types data_types_name_unique; Type: CONSTRAINT; Schema: public; Owner: postgres
--

ALTER TABLE ONLY public.data_types
    ADD CONSTRAINT data_types_name_unique UNIQUE (name);


--
-- Name: data_types data_types_pkey; Type: CONSTRAINT; Schema: public; Owner: postgres
--

ALTER TABLE ONLY public.data_types
    ADD CONSTRAINT data_types_pkey PRIMARY KEY (id);


--
-- Name: data_types data_types_slug_unique; Type: CONSTRAINT; Schema: public; Owner: postgres
--

ALTER TABLE ONLY public.data_types
    ADD CONSTRAINT data_types_slug_unique UNIQUE (slug);


--
-- Name: failed_jobs failed_jobs_pkey; Type: CONSTRAINT; Schema: public; Owner: postgres
--

ALTER TABLE ONLY public.failed_jobs
    ADD CONSTRAINT failed_jobs_pkey PRIMARY KEY (id);


--
-- Name: featured_products featured_products_pkey; Type: CONSTRAINT; Schema: public; Owner: postgres
--

ALTER TABLE ONLY public.featured_products
    ADD CONSTRAINT featured_products_pkey PRIMARY KEY (id);


--
-- Name: menu_items menu_items_pkey; Type: CONSTRAINT; Schema: public; Owner: postgres
--

ALTER TABLE ONLY public.menu_items
    ADD CONSTRAINT menu_items_pkey PRIMARY KEY (id);


--
-- Name: menus menus_name_unique; Type: CONSTRAINT; Schema: public; Owner: postgres
--

ALTER TABLE ONLY public.menus
    ADD CONSTRAINT menus_name_unique UNIQUE (name);


--
-- Name: menus menus_pkey; Type: CONSTRAINT; Schema: public; Owner: postgres
--

ALTER TABLE ONLY public.menus
    ADD CONSTRAINT menus_pkey PRIMARY KEY (id);


--
-- Name: migrations migrations_pkey; Type: CONSTRAINT; Schema: public; Owner: postgres
--

ALTER TABLE ONLY public.migrations
    ADD CONSTRAINT migrations_pkey PRIMARY KEY (id);


--
-- Name: news_media news_media_pkey; Type: CONSTRAINT; Schema: public; Owner: postgres
--

ALTER TABLE ONLY public.news_media
    ADD CONSTRAINT news_media_pkey PRIMARY KEY (id);


--
-- Name: news news_pkey; Type: CONSTRAINT; Schema: public; Owner: postgres
--

ALTER TABLE ONLY public.news
    ADD CONSTRAINT news_pkey PRIMARY KEY (id);


--
-- Name: order_products order_products_pkey; Type: CONSTRAINT; Schema: public; Owner: postgres
--

ALTER TABLE ONLY public.order_products
    ADD CONSTRAINT order_products_pkey PRIMARY KEY (id);


--
-- Name: orders orders_pkey; Type: CONSTRAINT; Schema: public; Owner: postgres
--

ALTER TABLE ONLY public.orders
    ADD CONSTRAINT orders_pkey PRIMARY KEY (id);


--
-- Name: pages pages_pkey; Type: CONSTRAINT; Schema: public; Owner: postgres
--

ALTER TABLE ONLY public.pages
    ADD CONSTRAINT pages_pkey PRIMARY KEY (id);


--
-- Name: pages pages_slug_unique; Type: CONSTRAINT; Schema: public; Owner: postgres
--

ALTER TABLE ONLY public.pages
    ADD CONSTRAINT pages_slug_unique UNIQUE (slug);


--
-- Name: permission_role permission_role_pkey; Type: CONSTRAINT; Schema: public; Owner: postgres
--

ALTER TABLE ONLY public.permission_role
    ADD CONSTRAINT permission_role_pkey PRIMARY KEY (permission_id, role_id);


--
-- Name: permissions permissions_pkey; Type: CONSTRAINT; Schema: public; Owner: postgres
--

ALTER TABLE ONLY public.permissions
    ADD CONSTRAINT permissions_pkey PRIMARY KEY (id);


--
-- Name: posts posts_pkey; Type: CONSTRAINT; Schema: public; Owner: postgres
--

ALTER TABLE ONLY public.posts
    ADD CONSTRAINT posts_pkey PRIMARY KEY (id);


--
-- Name: posts posts_slug_unique; Type: CONSTRAINT; Schema: public; Owner: postgres
--

ALTER TABLE ONLY public.posts
    ADD CONSTRAINT posts_slug_unique UNIQUE (slug);


--
-- Name: product_media product_media_pkey; Type: CONSTRAINT; Schema: public; Owner: postgres
--

ALTER TABLE ONLY public.product_media
    ADD CONSTRAINT product_media_pkey PRIMARY KEY (id);


--
-- Name: products products_pkey; Type: CONSTRAINT; Schema: public; Owner: postgres
--

ALTER TABLE ONLY public.products
    ADD CONSTRAINT products_pkey PRIMARY KEY (id);


--
-- Name: questions questions_pkey; Type: CONSTRAINT; Schema: public; Owner: postgres
--

ALTER TABLE ONLY public.questions
    ADD CONSTRAINT questions_pkey PRIMARY KEY (id);


--
-- Name: roles roles_name_unique; Type: CONSTRAINT; Schema: public; Owner: postgres
--

ALTER TABLE ONLY public.roles
    ADD CONSTRAINT roles_name_unique UNIQUE (name);


--
-- Name: roles roles_pkey; Type: CONSTRAINT; Schema: public; Owner: postgres
--

ALTER TABLE ONLY public.roles
    ADD CONSTRAINT roles_pkey PRIMARY KEY (id);


--
-- Name: settings settings_key_unique; Type: CONSTRAINT; Schema: public; Owner: postgres
--

ALTER TABLE ONLY public.settings
    ADD CONSTRAINT settings_key_unique UNIQUE (key);


--
-- Name: settings settings_pkey; Type: CONSTRAINT; Schema: public; Owner: postgres
--

ALTER TABLE ONLY public.settings
    ADD CONSTRAINT settings_pkey PRIMARY KEY (id);


--
-- Name: sliders sliders_pkey; Type: CONSTRAINT; Schema: public; Owner: postgres
--

ALTER TABLE ONLY public.sliders
    ADD CONSTRAINT sliders_pkey PRIMARY KEY (id);


--
-- Name: subcategories subcategories_pkey; Type: CONSTRAINT; Schema: public; Owner: postgres
--

ALTER TABLE ONLY public.subcategories
    ADD CONSTRAINT subcategories_pkey PRIMARY KEY (id);


--
-- Name: translations translations_pkey; Type: CONSTRAINT; Schema: public; Owner: postgres
--

ALTER TABLE ONLY public.translations
    ADD CONSTRAINT translations_pkey PRIMARY KEY (id);


--
-- Name: translations translations_table_name_column_name_foreign_key_locale_unique; Type: CONSTRAINT; Schema: public; Owner: postgres
--

ALTER TABLE ONLY public.translations
    ADD CONSTRAINT translations_table_name_column_name_foreign_key_locale_unique UNIQUE (table_name, column_name, foreign_key, locale);


--
-- Name: user_roles user_roles_pkey; Type: CONSTRAINT; Schema: public; Owner: postgres
--

ALTER TABLE ONLY public.user_roles
    ADD CONSTRAINT user_roles_pkey PRIMARY KEY (user_id, role_id);


--
-- Name: users users_email_unique; Type: CONSTRAINT; Schema: public; Owner: postgres
--

ALTER TABLE ONLY public.users
    ADD CONSTRAINT users_email_unique UNIQUE (email);


--
-- Name: users users_pkey; Type: CONSTRAINT; Schema: public; Owner: postgres
--

ALTER TABLE ONLY public.users
    ADD CONSTRAINT users_pkey PRIMARY KEY (id);


--
-- Name: password_resets_email_index; Type: INDEX; Schema: public; Owner: postgres
--

CREATE INDEX password_resets_email_index ON public.password_resets USING btree (email);


--
-- Name: permission_role_permission_id_index; Type: INDEX; Schema: public; Owner: postgres
--

CREATE INDEX permission_role_permission_id_index ON public.permission_role USING btree (permission_id);


--
-- Name: permission_role_role_id_index; Type: INDEX; Schema: public; Owner: postgres
--

CREATE INDEX permission_role_role_id_index ON public.permission_role USING btree (role_id);


--
-- Name: permissions_key_index; Type: INDEX; Schema: public; Owner: postgres
--

CREATE INDEX permissions_key_index ON public.permissions USING btree (key);


--
-- Name: user_roles_role_id_index; Type: INDEX; Schema: public; Owner: postgres
--

CREATE INDEX user_roles_role_id_index ON public.user_roles USING btree (role_id);


--
-- Name: user_roles_user_id_index; Type: INDEX; Schema: public; Owner: postgres
--

CREATE INDEX user_roles_user_id_index ON public.user_roles USING btree (user_id);


--
-- Name: answers answers_question_id_foreign; Type: FK CONSTRAINT; Schema: public; Owner: postgres
--

ALTER TABLE ONLY public.answers
    ADD CONSTRAINT answers_question_id_foreign FOREIGN KEY (question_id) REFERENCES public.questions(id) ON DELETE CASCADE;


--
-- Name: data_rows data_rows_data_type_id_foreign; Type: FK CONSTRAINT; Schema: public; Owner: postgres
--

ALTER TABLE ONLY public.data_rows
    ADD CONSTRAINT data_rows_data_type_id_foreign FOREIGN KEY (data_type_id) REFERENCES public.data_types(id) ON UPDATE CASCADE ON DELETE CASCADE;


--
-- Name: featured_products featured_products_product_id_foreign; Type: FK CONSTRAINT; Schema: public; Owner: postgres
--

ALTER TABLE ONLY public.featured_products
    ADD CONSTRAINT featured_products_product_id_foreign FOREIGN KEY (product_id) REFERENCES public.products(id) ON DELETE CASCADE;


--
-- Name: menu_items menu_items_menu_id_foreign; Type: FK CONSTRAINT; Schema: public; Owner: postgres
--

ALTER TABLE ONLY public.menu_items
    ADD CONSTRAINT menu_items_menu_id_foreign FOREIGN KEY (menu_id) REFERENCES public.menus(id) ON DELETE CASCADE;


--
-- Name: news_media news_media_news_id_foreign; Type: FK CONSTRAINT; Schema: public; Owner: postgres
--

ALTER TABLE ONLY public.news_media
    ADD CONSTRAINT news_media_news_id_foreign FOREIGN KEY (news_id) REFERENCES public.news(id) ON DELETE CASCADE;


--
-- Name: order_products order_products_manager_id_foreign; Type: FK CONSTRAINT; Schema: public; Owner: postgres
--

ALTER TABLE ONLY public.order_products
    ADD CONSTRAINT order_products_manager_id_foreign FOREIGN KEY (manager_id) REFERENCES public.users(id) ON DELETE CASCADE;


--
-- Name: order_products order_products_order_id_foreign; Type: FK CONSTRAINT; Schema: public; Owner: postgres
--

ALTER TABLE ONLY public.order_products
    ADD CONSTRAINT order_products_order_id_foreign FOREIGN KEY (order_id) REFERENCES public.orders(id) ON DELETE CASCADE;


--
-- Name: order_products order_products_product_id_foreign; Type: FK CONSTRAINT; Schema: public; Owner: postgres
--

ALTER TABLE ONLY public.order_products
    ADD CONSTRAINT order_products_product_id_foreign FOREIGN KEY (product_id) REFERENCES public.products(id) ON DELETE CASCADE;


--
-- Name: orders orders_user_id_foreign; Type: FK CONSTRAINT; Schema: public; Owner: postgres
--

ALTER TABLE ONLY public.orders
    ADD CONSTRAINT orders_user_id_foreign FOREIGN KEY (user_id) REFERENCES public.users(id) ON DELETE CASCADE;


--
-- Name: permission_role permission_role_permission_id_foreign; Type: FK CONSTRAINT; Schema: public; Owner: postgres
--

ALTER TABLE ONLY public.permission_role
    ADD CONSTRAINT permission_role_permission_id_foreign FOREIGN KEY (permission_id) REFERENCES public.permissions(id) ON DELETE CASCADE;


--
-- Name: permission_role permission_role_role_id_foreign; Type: FK CONSTRAINT; Schema: public; Owner: postgres
--

ALTER TABLE ONLY public.permission_role
    ADD CONSTRAINT permission_role_role_id_foreign FOREIGN KEY (role_id) REFERENCES public.roles(id) ON DELETE CASCADE;


--
-- Name: product_media product_media_product_id_foreign; Type: FK CONSTRAINT; Schema: public; Owner: postgres
--

ALTER TABLE ONLY public.product_media
    ADD CONSTRAINT product_media_product_id_foreign FOREIGN KEY (product_id) REFERENCES public.products(id) ON DELETE CASCADE;


--
-- Name: products products_category_id_foreign; Type: FK CONSTRAINT; Schema: public; Owner: postgres
--

ALTER TABLE ONLY public.products
    ADD CONSTRAINT products_category_id_foreign FOREIGN KEY (category_id) REFERENCES public.categories(id) ON DELETE CASCADE;


--
-- Name: products products_manager_id_foreign; Type: FK CONSTRAINT; Schema: public; Owner: postgres
--

ALTER TABLE ONLY public.products
    ADD CONSTRAINT products_manager_id_foreign FOREIGN KEY (manager_id) REFERENCES public.users(id) ON DELETE CASCADE;


--
-- Name: products products_subcategory_id_foreign; Type: FK CONSTRAINT; Schema: public; Owner: postgres
--

ALTER TABLE ONLY public.products
    ADD CONSTRAINT products_subcategory_id_foreign FOREIGN KEY (subcategory_id) REFERENCES public.subcategories(id) ON DELETE CASCADE;


--
-- Name: subcategories subcategories_category_id_foreign; Type: FK CONSTRAINT; Schema: public; Owner: postgres
--

ALTER TABLE ONLY public.subcategories
    ADD CONSTRAINT subcategories_category_id_foreign FOREIGN KEY (category_id) REFERENCES public.categories(id);


--
-- Name: user_roles user_roles_role_id_foreign; Type: FK CONSTRAINT; Schema: public; Owner: postgres
--

ALTER TABLE ONLY public.user_roles
    ADD CONSTRAINT user_roles_role_id_foreign FOREIGN KEY (role_id) REFERENCES public.roles(id) ON DELETE CASCADE;


--
-- Name: user_roles user_roles_user_id_foreign; Type: FK CONSTRAINT; Schema: public; Owner: postgres
--

ALTER TABLE ONLY public.user_roles
    ADD CONSTRAINT user_roles_user_id_foreign FOREIGN KEY (user_id) REFERENCES public.users(id) ON DELETE CASCADE;


--
-- Name: users users_role_id_foreign; Type: FK CONSTRAINT; Schema: public; Owner: postgres
--

ALTER TABLE ONLY public.users
    ADD CONSTRAINT users_role_id_foreign FOREIGN KEY (role_id) REFERENCES public.roles(id);


--
-- PostgreSQL database dump complete
--

